{
  "timestamp": "2025-01-08T09:53:42.633000",
  "main_route": {
    "distance_meters": 10275,
    "time_seconds": 1361,
    "traffic_delay_seconds": 0,
    "traffic_confidence": 0,
    "instructions": [
      {
        "message": "Partir de Rue Augustin Roux",
        "distance_meters": 0,
        "street": "Rue Augustin Roux",
        "exit_number": "",
        "turn_angle": 0,
        "latitude": 43.35029,
        "longitude": 5.36158,
        "type": "",
        "road_numbers": [],
        "maneuver": "DEPART"
      },
      {
        "message": "Tournez à droite sur Rue Augustin Roux",
        "distance_meters": 112,
        "street": "Rue Augustin Roux",
        "exit_number": "",
        "turn_angle": 90,
        "latitude": 43.34935,
        "longitude": 5.36187,
        "type": "",
        "road_numbers": [],
        "maneuver": "TURN_RIGHT"
      },
      {
        "message": "Tournez à gauche sur Rue Le Châtelier",
        "distance_meters": 298,
        "street": "Rue Le Châtelier",
        "exit_number": "",
        "turn_angle": -90,
        "latitude": 43.34848,
        "longitude": 5.36261,
        "type": "",
        "road_numbers": [],
        "maneuver": "TURN_LEFT"
      },
      {
        "message": "Tournez immédiatement à gauche sur Chemin de Saint-Antoine à Saint-Joseph",
        "distance_meters": 1589,
        "street": "Chemin de Saint-Antoine à Saint-Joseph",
        "exit_number": "",
        "turn_angle": -135,
        "latitude": 43.34874,
        "longitude": 5.37557,
        "type": "",
        "road_numbers": [],
        "maneuver": "SHARP_LEFT"
      },
      {
        "message": "Tournez à gauche sur Bretelle Autoroute Nord Entrée",
        "distance_meters": 3249,
        "street": "Bretelle Autoroute Nord Entrée",
        "exit_number": "",
        "turn_angle": -90,
        "latitude": 43.36017,
        "longitude": 5.3641,
        "type": "",
        "road_numbers": [],
        "maneuver": "TURN_LEFT"
      },
      {
        "message": "Prenez l'autoroute A7/E712",
        "distance_meters": 3835,
        "street": "Autoroute du Soleil",
        "exit_number": "",
        "turn_angle": 0,
        "latitude": 43.36445,
        "longitude": 5.36076,
        "type": "",
        "road_numbers": [
          "A7",
          "E712"
        ],
        "maneuver": "ENTER_MOTORWAY"
      },
      {
        "message": "Prenez la sortie 32 sur Sortie Autoroute Hôpital Nord S vers SEPTÈMES-LES-V.",
        "distance_meters": 4869,
        "street": "Sortie Autoroute Hôpital Nord S",
        "exit_number": "32",
        "turn_angle": 45,
        "latitude": 43.37373,
        "longitude": 5.36105,
        "type": "",
        "road_numbers": [],
        "maneuver": "TAKE_EXIT"
      },
      {
        "message": "Tenez la droite à Sortie Autoroute Hôpital Nord S vers Septèmes-les-Vallons",
        "distance_meters": 4992,
        "street": "Sortie Autoroute Hôpital Nord S",
        "exit_number": "",
        "turn_angle": 45,
        "latitude": 43.37483,
        "longitude": 5.36089,
        "type": "",
        "road_numbers": [],
        "maneuver": "KEEP_RIGHT"
      },
      {
        "message": "Au rond-point, prenez la deuxième sortie sur Chemin des Bourrely",
        "distance_meters": 5261,
        "street": "Chemin des Bourrely",
        "exit_number": "",
        "turn_angle": 0,
        "latitude": 43.37706,
        "longitude": 5.35972,
        "type": "",
        "road_numbers": [],
        "maneuver": "ROUNDABOUT_CROSS"
      },
      {
        "message": "Au rond-point, prenez la premier sortie sur Chemin des Baumillons",
        "distance_meters": 5708,
        "street": "Chemin des Baumillons",
        "exit_number": "",
        "turn_angle": 90,
        "latitude": 43.38041,
        "longitude": 5.36244,
        "type": "",
        "road_numbers": [],
        "maneuver": "ROUNDABOUT_RIGHT"
      },
      {
        "message": "Tournez à gauche sur Chemin de la Carraire",
        "distance_meters": 6558,
        "street": "Chemin de la Carraire",
        "exit_number": "",
        "turn_angle": -90,
        "latitude": 43.38187,
        "longitude": 5.37202,
        "type": "",
        "road_numbers": [],
        "maneuver": "TURN_LEFT"
      },
      {
        "message": "Continuez tout droit",
        "distance_meters": 7199,
        "street": "",
        "exit_number": "",
        "turn_angle": 0,
        "latitude": 43.38513,
        "longitude": 5.37746,
        "type": "",
        "road_numbers": [],
        "maneuver": "STRAIGHT"
      },
      {
        "message": "Tournez à droite sur Chemin de la Rougière",
        "distance_meters": 7269,
        "street": "Chemin de la Rougière",
        "exit_number": "",
        "turn_angle": 90,
        "latitude": 43.38557,
        "longitude": 5.37792,
        "type": "",
        "road_numbers": [],
        "maneuver": "TURN_RIGHT"
      },
      {
        "message": "Tenez la gauche à Chemin de la Rougière",
        "distance_meters": 7437,
        "street": "Chemin de la Rougière",
        "exit_number": "",
        "turn_angle": -45,
        "latitude": 43.38571,
        "longitude": 5.37993,
        "type": "",
        "road_numbers": [],
        "maneuver": "KEEP_LEFT"
      },
      {
        "message": "Vous êtes arrivé à Vallon Dol. Votre destination se trouve sur votre droite",
        "distance_meters": 10275,
        "street": "Vallon Dol",
        "exit_number": "",
        "turn_angle": 0,
        "latitude": 43.38063,
        "longitude": 5.40278,
        "type": "",
        "road_numbers": [],
        "maneuver": "ARRIVE_RIGHT"
      }
    ],
    "route_legs": [
      {
        "distance": 10275,
        "travel_time": 1361,
        "delay": 0,
        "start_point": {
          "lat": 43.35029,
          "lon": 5.36158
        },
        "end_point": {
          "lat": 43.38063,
          "lon": 5.40278
        },
        "guidance": [],
        "points": [
          {
            "lat": 43.35029,
            "lon": 5.36158
          },
          {
            "lat": 43.35028,
            "lon": 5.3616
          },
          {
            "lat": 43.35025,
            "lon": 5.36163
          },
          {
            "lat": 43.35021,
            "lon": 5.36165
          },
          {
            "lat": 43.35012,
            "lon": 5.36167
          },
          {
            "lat": 43.3494,
            "lon": 5.36177
          },
          {
            "lat": 43.34938,
            "lon": 5.36178
          },
          {
            "lat": 43.34937,
            "lon": 5.36181
          },
          {
            "lat": 43.34935,
            "lon": 5.36187
          },
          {
            "lat": 43.34917,
            "lon": 5.36191
          },
          {
            "lat": 43.34914,
            "lon": 5.36192
          },
          {
            "lat": 43.34912,
            "lon": 5.36194
          },
          {
            "lat": 43.34911,
            "lon": 5.36199
          },
          {
            "lat": 43.34905,
            "lon": 5.36249
          },
          {
            "lat": 43.349,
            "lon": 5.36293
          },
          {
            "lat": 43.34899,
            "lon": 5.36297
          },
          {
            "lat": 43.34896,
            "lon": 5.363
          },
          {
            "lat": 43.3489,
            "lon": 5.36306
          },
          {
            "lat": 43.34889,
            "lon": 5.36307
          },
          {
            "lat": 43.34886,
            "lon": 5.36308
          },
          {
            "lat": 43.34882,
            "lon": 5.36307
          },
          {
            "lat": 43.34878,
            "lon": 5.36304
          },
          {
            "lat": 43.34875,
            "lon": 5.363
          },
          {
            "lat": 43.34848,
            "lon": 5.36261
          },
          {
            "lat": 43.34846,
            "lon": 5.36256
          },
          {
            "lat": 43.34844,
            "lon": 5.36252
          },
          {
            "lat": 43.34842,
            "lon": 5.36249
          },
          {
            "lat": 43.34836,
            "lon": 5.3624
          },
          {
            "lat": 43.34835,
            "lon": 5.36239
          },
          {
            "lat": 43.34833,
            "lon": 5.36238
          },
          {
            "lat": 43.34832,
            "lon": 5.36237
          },
          {
            "lat": 43.34818,
            "lon": 5.36236
          },
          {
            "lat": 43.34812,
            "lon": 5.36244
          },
          {
            "lat": 43.34804,
            "lon": 5.36254
          },
          {
            "lat": 43.34798,
            "lon": 5.36263
          },
          {
            "lat": 43.34751,
            "lon": 5.36322
          },
          {
            "lat": 43.34704,
            "lon": 5.36383
          },
          {
            "lat": 43.34662,
            "lon": 5.36444
          },
          {
            "lat": 43.34646,
            "lon": 5.36476
          },
          {
            "lat": 43.34635,
            "lon": 5.36504
          },
          {
            "lat": 43.34632,
            "lon": 5.36514
          },
          {
            "lat": 43.34631,
            "lon": 5.3653
          },
          {
            "lat": 43.3463,
            "lon": 5.36551
          },
          {
            "lat": 43.34629,
            "lon": 5.36575
          },
          {
            "lat": 43.34632,
            "lon": 5.36612
          },
          {
            "lat": 43.34639,
            "lon": 5.36653
          },
          {
            "lat": 43.34652,
            "lon": 5.3669
          },
          {
            "lat": 43.34681,
            "lon": 5.36753
          },
          {
            "lat": 43.34695,
            "lon": 5.36785
          },
          {
            "lat": 43.34695,
            "lon": 5.36791
          },
          {
            "lat": 43.34707,
            "lon": 5.36845
          },
          {
            "lat": 43.34719,
            "lon": 5.36909
          },
          {
            "lat": 43.34728,
            "lon": 5.36939
          },
          {
            "lat": 43.34746,
            "lon": 5.36983
          },
          {
            "lat": 43.34754,
            "lon": 5.36994
          },
          {
            "lat": 43.34764,
            "lon": 5.37004
          },
          {
            "lat": 43.34785,
            "lon": 5.37025
          },
          {
            "lat": 43.34796,
            "lon": 5.37033
          },
          {
            "lat": 43.348,
            "lon": 5.37037
          },
          {
            "lat": 43.34815,
            "lon": 5.37051
          },
          {
            "lat": 43.34825,
            "lon": 5.37066
          },
          {
            "lat": 43.34835,
            "lon": 5.37079
          },
          {
            "lat": 43.34837,
            "lon": 5.37083
          },
          {
            "lat": 43.34848,
            "lon": 5.37101
          },
          {
            "lat": 43.3486,
            "lon": 5.37132
          },
          {
            "lat": 43.34863,
            "lon": 5.37138
          },
          {
            "lat": 43.34866,
            "lon": 5.37146
          },
          {
            "lat": 43.34872,
            "lon": 5.37175
          },
          {
            "lat": 43.34874,
            "lon": 5.37191
          },
          {
            "lat": 43.34875,
            "lon": 5.37199
          },
          {
            "lat": 43.34877,
            "lon": 5.3722
          },
          {
            "lat": 43.34877,
            "lon": 5.37227
          },
          {
            "lat": 43.34879,
            "lon": 5.3725
          },
          {
            "lat": 43.34885,
            "lon": 5.37404
          },
          {
            "lat": 43.34886,
            "lon": 5.37424
          },
          {
            "lat": 43.3489,
            "lon": 5.37484
          },
          {
            "lat": 43.3489,
            "lon": 5.37501
          },
          {
            "lat": 43.34888,
            "lon": 5.37519
          },
          {
            "lat": 43.34885,
            "lon": 5.37536
          },
          {
            "lat": 43.34883,
            "lon": 5.3754
          },
          {
            "lat": 43.34874,
            "lon": 5.37557
          },
          {
            "lat": 43.34888,
            "lon": 5.37587
          },
          {
            "lat": 43.34913,
            "lon": 5.37565
          },
          {
            "lat": 43.3492,
            "lon": 5.37557
          },
          {
            "lat": 43.34926,
            "lon": 5.37551
          },
          {
            "lat": 43.34934,
            "lon": 5.37545
          },
          {
            "lat": 43.34959,
            "lon": 5.37525
          },
          {
            "lat": 43.35077,
            "lon": 5.37423
          },
          {
            "lat": 43.35188,
            "lon": 5.37328
          },
          {
            "lat": 43.35205,
            "lon": 5.37314
          },
          {
            "lat": 43.35207,
            "lon": 5.37312
          },
          {
            "lat": 43.35214,
            "lon": 5.37306
          },
          {
            "lat": 43.35256,
            "lon": 5.3727
          },
          {
            "lat": 43.35279,
            "lon": 5.37248
          },
          {
            "lat": 43.35309,
            "lon": 5.37223
          },
          {
            "lat": 43.35326,
            "lon": 5.3721
          },
          {
            "lat": 43.35336,
            "lon": 5.37201
          },
          {
            "lat": 43.35381,
            "lon": 5.3716
          },
          {
            "lat": 43.3539,
            "lon": 5.37153
          },
          {
            "lat": 43.35413,
            "lon": 5.37133
          },
          {
            "lat": 43.35424,
            "lon": 5.37125
          },
          {
            "lat": 43.35471,
            "lon": 5.37082
          },
          {
            "lat": 43.3548,
            "lon": 5.37076
          },
          {
            "lat": 43.35495,
            "lon": 5.37064
          },
          {
            "lat": 43.35525,
            "lon": 5.37039
          },
          {
            "lat": 43.3558,
            "lon": 5.36996
          },
          {
            "lat": 43.35601,
            "lon": 5.36983
          },
          {
            "lat": 43.3562,
            "lon": 5.36971
          },
          {
            "lat": 43.35632,
            "lon": 5.36962
          },
          {
            "lat": 43.35637,
            "lon": 5.36951
          },
          {
            "lat": 43.35645,
            "lon": 5.36943
          },
          {
            "lat": 43.35649,
            "lon": 5.36938
          },
          {
            "lat": 43.3565,
            "lon": 5.36938
          },
          {
            "lat": 43.35667,
            "lon": 5.3691
          },
          {
            "lat": 43.35684,
            "lon": 5.3688
          },
          {
            "lat": 43.35708,
            "lon": 5.36822
          },
          {
            "lat": 43.35717,
            "lon": 5.36793
          },
          {
            "lat": 43.35719,
            "lon": 5.36783
          },
          {
            "lat": 43.3572,
            "lon": 5.36775
          },
          {
            "lat": 43.3572,
            "lon": 5.3676
          },
          {
            "lat": 43.35721,
            "lon": 5.36727
          },
          {
            "lat": 43.35722,
            "lon": 5.36717
          },
          {
            "lat": 43.35723,
            "lon": 5.3671
          },
          {
            "lat": 43.35727,
            "lon": 5.36691
          },
          {
            "lat": 43.35726,
            "lon": 5.36682
          },
          {
            "lat": 43.35758,
            "lon": 5.36624
          },
          {
            "lat": 43.35759,
            "lon": 5.3662
          },
          {
            "lat": 43.35777,
            "lon": 5.36592
          },
          {
            "lat": 43.35779,
            "lon": 5.36589
          },
          {
            "lat": 43.35781,
            "lon": 5.36587
          },
          {
            "lat": 43.35794,
            "lon": 5.36577
          },
          {
            "lat": 43.35798,
            "lon": 5.36575
          },
          {
            "lat": 43.35814,
            "lon": 5.36568
          },
          {
            "lat": 43.35818,
            "lon": 5.36569
          },
          {
            "lat": 43.35821,
            "lon": 5.36567
          },
          {
            "lat": 43.35834,
            "lon": 5.36559
          },
          {
            "lat": 43.35863,
            "lon": 5.36535
          },
          {
            "lat": 43.3587,
            "lon": 5.3653
          },
          {
            "lat": 43.35873,
            "lon": 5.36527
          },
          {
            "lat": 43.35893,
            "lon": 5.36511
          },
          {
            "lat": 43.35913,
            "lon": 5.36495
          },
          {
            "lat": 43.35929,
            "lon": 5.36488
          },
          {
            "lat": 43.35947,
            "lon": 5.3648
          },
          {
            "lat": 43.35956,
            "lon": 5.36475
          },
          {
            "lat": 43.35968,
            "lon": 5.36466
          },
          {
            "lat": 43.35989,
            "lon": 5.36442
          },
          {
            "lat": 43.35997,
            "lon": 5.36431
          },
          {
            "lat": 43.36,
            "lon": 5.36427
          },
          {
            "lat": 43.36017,
            "lon": 5.3641
          },
          {
            "lat": 43.36034,
            "lon": 5.36394
          },
          {
            "lat": 43.36037,
            "lon": 5.36389
          },
          {
            "lat": 43.36041,
            "lon": 5.36381
          },
          {
            "lat": 43.36042,
            "lon": 5.36373
          },
          {
            "lat": 43.36043,
            "lon": 5.36355
          },
          {
            "lat": 43.36046,
            "lon": 5.3632
          },
          {
            "lat": 43.36049,
            "lon": 5.36309
          },
          {
            "lat": 43.36057,
            "lon": 5.36285
          },
          {
            "lat": 43.36071,
            "lon": 5.36267
          },
          {
            "lat": 43.36085,
            "lon": 5.36252
          },
          {
            "lat": 43.36104,
            "lon": 5.36239
          },
          {
            "lat": 43.36123,
            "lon": 5.36231
          },
          {
            "lat": 43.36175,
            "lon": 5.36214
          },
          {
            "lat": 43.36189,
            "lon": 5.36206
          },
          {
            "lat": 43.36202,
            "lon": 5.36197
          },
          {
            "lat": 43.36231,
            "lon": 5.3617
          },
          {
            "lat": 43.36237,
            "lon": 5.36164
          },
          {
            "lat": 43.36263,
            "lon": 5.36146
          },
          {
            "lat": 43.36289,
            "lon": 5.36133
          },
          {
            "lat": 43.36307,
            "lon": 5.36123
          },
          {
            "lat": 43.36338,
            "lon": 5.36111
          },
          {
            "lat": 43.36365,
            "lon": 5.36101
          },
          {
            "lat": 43.36424,
            "lon": 5.36087
          },
          {
            "lat": 43.36439,
            "lon": 5.36081
          },
          {
            "lat": 43.36445,
            "lon": 5.36076
          },
          {
            "lat": 43.36491,
            "lon": 5.36073
          },
          {
            "lat": 43.36535,
            "lon": 5.36075
          },
          {
            "lat": 43.36576,
            "lon": 5.36078
          },
          {
            "lat": 43.36614,
            "lon": 5.3608
          },
          {
            "lat": 43.36692,
            "lon": 5.36087
          },
          {
            "lat": 43.36725,
            "lon": 5.3609
          },
          {
            "lat": 43.36742,
            "lon": 5.36091
          },
          {
            "lat": 43.36774,
            "lon": 5.36094
          },
          {
            "lat": 43.36792,
            "lon": 5.36095
          },
          {
            "lat": 43.36824,
            "lon": 5.36097
          },
          {
            "lat": 43.36831,
            "lon": 5.36097
          },
          {
            "lat": 43.36877,
            "lon": 5.36101
          },
          {
            "lat": 43.36967,
            "lon": 5.36109
          },
          {
            "lat": 43.37002,
            "lon": 5.36112
          },
          {
            "lat": 43.37202,
            "lon": 5.36128
          },
          {
            "lat": 43.37255,
            "lon": 5.36127
          },
          {
            "lat": 43.37292,
            "lon": 5.36124
          },
          {
            "lat": 43.37306,
            "lon": 5.36123
          },
          {
            "lat": 43.37373,
            "lon": 5.36105
          },
          {
            "lat": 43.37398,
            "lon": 5.36105
          },
          {
            "lat": 43.37402,
            "lon": 5.36104
          },
          {
            "lat": 43.37423,
            "lon": 5.361
          },
          {
            "lat": 43.37454,
            "lon": 5.36097
          },
          {
            "lat": 43.37483,
            "lon": 5.36089
          },
          {
            "lat": 43.37508,
            "lon": 5.36084
          },
          {
            "lat": 43.37527,
            "lon": 5.36077
          },
          {
            "lat": 43.37557,
            "lon": 5.36057
          },
          {
            "lat": 43.37634,
            "lon": 5.36
          },
          {
            "lat": 43.37638,
            "lon": 5.35997
          },
          {
            "lat": 43.37645,
            "lon": 5.3599
          },
          {
            "lat": 43.37649,
            "lon": 5.35987
          },
          {
            "lat": 43.37649,
            "lon": 5.35986
          },
          {
            "lat": 43.37658,
            "lon": 5.3598
          },
          {
            "lat": 43.37669,
            "lon": 5.35977
          },
          {
            "lat": 43.37696,
            "lon": 5.35973
          },
          {
            "lat": 43.37706,
            "lon": 5.35972
          },
          {
            "lat": 43.37709,
            "lon": 5.35976
          },
          {
            "lat": 43.37711,
            "lon": 5.35979
          },
          {
            "lat": 43.37714,
            "lon": 5.35981
          },
          {
            "lat": 43.37718,
            "lon": 5.35981
          },
          {
            "lat": 43.37721,
            "lon": 5.3598
          },
          {
            "lat": 43.37725,
            "lon": 5.35976
          },
          {
            "lat": 43.37726,
            "lon": 5.35974
          },
          {
            "lat": 43.37728,
            "lon": 5.35971
          },
          {
            "lat": 43.37735,
            "lon": 5.35978
          },
          {
            "lat": 43.37742,
            "lon": 5.35984
          },
          {
            "lat": 43.3775,
            "lon": 5.35988
          },
          {
            "lat": 43.37755,
            "lon": 5.35989
          },
          {
            "lat": 43.37773,
            "lon": 5.35996
          },
          {
            "lat": 43.378,
            "lon": 5.36016
          },
          {
            "lat": 43.37829,
            "lon": 5.36037
          },
          {
            "lat": 43.37855,
            "lon": 5.36054
          },
          {
            "lat": 43.37878,
            "lon": 5.36068
          },
          {
            "lat": 43.37894,
            "lon": 5.36083
          },
          {
            "lat": 43.37896,
            "lon": 5.36086
          },
          {
            "lat": 43.37932,
            "lon": 5.36133
          },
          {
            "lat": 43.37966,
            "lon": 5.36177
          },
          {
            "lat": 43.37997,
            "lon": 5.36205
          },
          {
            "lat": 43.38019,
            "lon": 5.36226
          },
          {
            "lat": 43.38041,
            "lon": 5.36244
          },
          {
            "lat": 43.38045,
            "lon": 5.36259
          },
          {
            "lat": 43.38055,
            "lon": 5.36274
          },
          {
            "lat": 43.38055,
            "lon": 5.36276
          },
          {
            "lat": 43.38055,
            "lon": 5.36278
          },
          {
            "lat": 43.38056,
            "lon": 5.36279
          },
          {
            "lat": 43.38057,
            "lon": 5.3628
          },
          {
            "lat": 43.3806,
            "lon": 5.36281
          },
          {
            "lat": 43.38062,
            "lon": 5.36303
          },
          {
            "lat": 43.38064,
            "lon": 5.36315
          },
          {
            "lat": 43.3807,
            "lon": 5.36349
          },
          {
            "lat": 43.38073,
            "lon": 5.36362
          },
          {
            "lat": 43.38084,
            "lon": 5.36405
          },
          {
            "lat": 43.381,
            "lon": 5.36472
          },
          {
            "lat": 43.38109,
            "lon": 5.36508
          },
          {
            "lat": 43.38119,
            "lon": 5.36547
          },
          {
            "lat": 43.3814,
            "lon": 5.36609
          },
          {
            "lat": 43.38155,
            "lon": 5.36655
          },
          {
            "lat": 43.3816,
            "lon": 5.36678
          },
          {
            "lat": 43.38161,
            "lon": 5.36697
          },
          {
            "lat": 43.38161,
            "lon": 5.36711
          },
          {
            "lat": 43.38148,
            "lon": 5.36819
          },
          {
            "lat": 43.38145,
            "lon": 5.36844
          },
          {
            "lat": 43.38129,
            "lon": 5.36971
          },
          {
            "lat": 43.38119,
            "lon": 5.37048
          },
          {
            "lat": 43.38117,
            "lon": 5.37059
          },
          {
            "lat": 43.38117,
            "lon": 5.37069
          },
          {
            "lat": 43.38121,
            "lon": 5.3708
          },
          {
            "lat": 43.38127,
            "lon": 5.3709
          },
          {
            "lat": 43.38158,
            "lon": 5.37116
          },
          {
            "lat": 43.38169,
            "lon": 5.37128
          },
          {
            "lat": 43.38174,
            "lon": 5.37134
          },
          {
            "lat": 43.38186,
            "lon": 5.37151
          },
          {
            "lat": 43.38193,
            "lon": 5.37171
          },
          {
            "lat": 43.38193,
            "lon": 5.37193
          },
          {
            "lat": 43.38187,
            "lon": 5.37202
          },
          {
            "lat": 43.38204,
            "lon": 5.3721
          },
          {
            "lat": 43.38225,
            "lon": 5.3722
          },
          {
            "lat": 43.38235,
            "lon": 5.3723
          },
          {
            "lat": 43.38255,
            "lon": 5.37245
          },
          {
            "lat": 43.3826,
            "lon": 5.3725
          },
          {
            "lat": 43.38269,
            "lon": 5.37255
          },
          {
            "lat": 43.38292,
            "lon": 5.37288
          },
          {
            "lat": 43.3831,
            "lon": 5.37336
          },
          {
            "lat": 43.38315,
            "lon": 5.3735
          },
          {
            "lat": 43.38317,
            "lon": 5.37357
          },
          {
            "lat": 43.3832,
            "lon": 5.37365
          },
          {
            "lat": 43.38321,
            "lon": 5.37374
          },
          {
            "lat": 43.38317,
            "lon": 5.37397
          },
          {
            "lat": 43.38314,
            "lon": 5.37426
          },
          {
            "lat": 43.38315,
            "lon": 5.37434
          },
          {
            "lat": 43.38318,
            "lon": 5.37462
          },
          {
            "lat": 43.38315,
            "lon": 5.37492
          },
          {
            "lat": 43.38316,
            "lon": 5.37504
          },
          {
            "lat": 43.38317,
            "lon": 5.37512
          },
          {
            "lat": 43.38321,
            "lon": 5.37524
          },
          {
            "lat": 43.3833,
            "lon": 5.37537
          },
          {
            "lat": 43.38357,
            "lon": 5.37571
          },
          {
            "lat": 43.38363,
            "lon": 5.37579
          },
          {
            "lat": 43.38374,
            "lon": 5.3759
          },
          {
            "lat": 43.38388,
            "lon": 5.37596
          },
          {
            "lat": 43.38402,
            "lon": 5.37598
          },
          {
            "lat": 43.38408,
            "lon": 5.37599
          },
          {
            "lat": 43.3843,
            "lon": 5.37603
          },
          {
            "lat": 43.38443,
            "lon": 5.37608
          },
          {
            "lat": 43.38457,
            "lon": 5.37614
          },
          {
            "lat": 43.38467,
            "lon": 5.37621
          },
          {
            "lat": 43.38471,
            "lon": 5.37624
          },
          {
            "lat": 43.38473,
            "lon": 5.37627
          },
          {
            "lat": 43.38478,
            "lon": 5.37636
          },
          {
            "lat": 43.38482,
            "lon": 5.37645
          },
          {
            "lat": 43.38505,
            "lon": 5.37716
          },
          {
            "lat": 43.38511,
            "lon": 5.3774
          },
          {
            "lat": 43.38513,
            "lon": 5.37746
          },
          {
            "lat": 43.38524,
            "lon": 5.37777
          },
          {
            "lat": 43.38527,
            "lon": 5.37784
          },
          {
            "lat": 43.38532,
            "lon": 5.3779
          },
          {
            "lat": 43.38535,
            "lon": 5.37793
          },
          {
            "lat": 43.38536,
            "lon": 5.37793
          },
          {
            "lat": 43.38539,
            "lon": 5.37793
          },
          {
            "lat": 43.3855,
            "lon": 5.37792
          },
          {
            "lat": 43.38557,
            "lon": 5.37792
          },
          {
            "lat": 43.38554,
            "lon": 5.37802
          },
          {
            "lat": 43.3855,
            "lon": 5.37822
          },
          {
            "lat": 43.38548,
            "lon": 5.37845
          },
          {
            "lat": 43.38547,
            "lon": 5.37864
          },
          {
            "lat": 43.38547,
            "lon": 5.37868
          },
          {
            "lat": 43.38549,
            "lon": 5.3789
          },
          {
            "lat": 43.38563,
            "lon": 5.3797
          },
          {
            "lat": 43.38568,
            "lon": 5.37988
          },
          {
            "lat": 43.38571,
            "lon": 5.37993
          },
          {
            "lat": 43.38578,
            "lon": 5.38009
          },
          {
            "lat": 43.38588,
            "lon": 5.3802
          },
          {
            "lat": 43.38598,
            "lon": 5.38027
          },
          {
            "lat": 43.38612,
            "lon": 5.38031
          },
          {
            "lat": 43.38622,
            "lon": 5.38031
          },
          {
            "lat": 43.38631,
            "lon": 5.38028
          },
          {
            "lat": 43.3864,
            "lon": 5.38023
          },
          {
            "lat": 43.38648,
            "lon": 5.38017
          },
          {
            "lat": 43.38683,
            "lon": 5.3798
          },
          {
            "lat": 43.38697,
            "lon": 5.37969
          },
          {
            "lat": 43.3871,
            "lon": 5.37962
          },
          {
            "lat": 43.3872,
            "lon": 5.3796
          },
          {
            "lat": 43.3873,
            "lon": 5.37959
          },
          {
            "lat": 43.38741,
            "lon": 5.37963
          },
          {
            "lat": 43.38749,
            "lon": 5.3797
          },
          {
            "lat": 43.38754,
            "lon": 5.37979
          },
          {
            "lat": 43.38758,
            "lon": 5.3799
          },
          {
            "lat": 43.38758,
            "lon": 5.37999
          },
          {
            "lat": 43.38757,
            "lon": 5.38011
          },
          {
            "lat": 43.38753,
            "lon": 5.38025
          },
          {
            "lat": 43.38735,
            "lon": 5.38075
          },
          {
            "lat": 43.38727,
            "lon": 5.38103
          },
          {
            "lat": 43.38722,
            "lon": 5.38129
          },
          {
            "lat": 43.38719,
            "lon": 5.38164
          },
          {
            "lat": 43.38718,
            "lon": 5.38183
          },
          {
            "lat": 43.38713,
            "lon": 5.38246
          },
          {
            "lat": 43.38709,
            "lon": 5.38264
          },
          {
            "lat": 43.38703,
            "lon": 5.38293
          },
          {
            "lat": 43.38693,
            "lon": 5.3833
          },
          {
            "lat": 43.38688,
            "lon": 5.38347
          },
          {
            "lat": 43.38685,
            "lon": 5.38364
          },
          {
            "lat": 43.38684,
            "lon": 5.38374
          },
          {
            "lat": 43.38683,
            "lon": 5.38384
          },
          {
            "lat": 43.38684,
            "lon": 5.38398
          },
          {
            "lat": 43.3869,
            "lon": 5.38511
          },
          {
            "lat": 43.38691,
            "lon": 5.38522
          },
          {
            "lat": 43.38698,
            "lon": 5.38547
          },
          {
            "lat": 43.38702,
            "lon": 5.38558
          },
          {
            "lat": 43.38713,
            "lon": 5.38579
          },
          {
            "lat": 43.38729,
            "lon": 5.38604
          },
          {
            "lat": 43.38775,
            "lon": 5.38671
          },
          {
            "lat": 43.38787,
            "lon": 5.38691
          },
          {
            "lat": 43.38798,
            "lon": 5.38712
          },
          {
            "lat": 43.38809,
            "lon": 5.38742
          },
          {
            "lat": 43.38814,
            "lon": 5.38758
          },
          {
            "lat": 43.38815,
            "lon": 5.38761
          },
          {
            "lat": 43.38819,
            "lon": 5.38784
          },
          {
            "lat": 43.38827,
            "lon": 5.38851
          },
          {
            "lat": 43.38834,
            "lon": 5.38906
          },
          {
            "lat": 43.38836,
            "lon": 5.38927
          },
          {
            "lat": 43.38842,
            "lon": 5.38958
          },
          {
            "lat": 43.38843,
            "lon": 5.38971
          },
          {
            "lat": 43.38848,
            "lon": 5.39017
          },
          {
            "lat": 43.38842,
            "lon": 5.3905
          },
          {
            "lat": 43.38832,
            "lon": 5.39078
          },
          {
            "lat": 43.38827,
            "lon": 5.39095
          },
          {
            "lat": 43.38804,
            "lon": 5.39145
          },
          {
            "lat": 43.38795,
            "lon": 5.39162
          },
          {
            "lat": 43.38776,
            "lon": 5.39209
          },
          {
            "lat": 43.3877,
            "lon": 5.39252
          },
          {
            "lat": 43.3877,
            "lon": 5.39276
          },
          {
            "lat": 43.38778,
            "lon": 5.39297
          },
          {
            "lat": 43.38784,
            "lon": 5.39322
          },
          {
            "lat": 43.38778,
            "lon": 5.39346
          },
          {
            "lat": 43.38766,
            "lon": 5.39367
          },
          {
            "lat": 43.38748,
            "lon": 5.39375
          },
          {
            "lat": 43.3872,
            "lon": 5.39377
          },
          {
            "lat": 43.38712,
            "lon": 5.39379
          },
          {
            "lat": 43.38692,
            "lon": 5.39387
          },
          {
            "lat": 43.38678,
            "lon": 5.39394
          },
          {
            "lat": 43.38646,
            "lon": 5.3943
          },
          {
            "lat": 43.38632,
            "lon": 5.39456
          },
          {
            "lat": 43.38621,
            "lon": 5.39489
          },
          {
            "lat": 43.38597,
            "lon": 5.39598
          },
          {
            "lat": 43.38594,
            "lon": 5.39614
          },
          {
            "lat": 43.38588,
            "lon": 5.39648
          },
          {
            "lat": 43.38585,
            "lon": 5.39652
          },
          {
            "lat": 43.3857,
            "lon": 5.39718
          },
          {
            "lat": 43.3856,
            "lon": 5.39745
          },
          {
            "lat": 43.38547,
            "lon": 5.39756
          },
          {
            "lat": 43.38521,
            "lon": 5.3976
          },
          {
            "lat": 43.38507,
            "lon": 5.39757
          },
          {
            "lat": 43.38485,
            "lon": 5.3975
          },
          {
            "lat": 43.38458,
            "lon": 5.3975
          },
          {
            "lat": 43.38437,
            "lon": 5.39759
          },
          {
            "lat": 43.38407,
            "lon": 5.39792
          },
          {
            "lat": 43.38363,
            "lon": 5.39855
          },
          {
            "lat": 43.38359,
            "lon": 5.39869
          },
          {
            "lat": 43.38359,
            "lon": 5.39898
          },
          {
            "lat": 43.3837,
            "lon": 5.3996
          },
          {
            "lat": 43.3837,
            "lon": 5.39978
          },
          {
            "lat": 43.38364,
            "lon": 5.39998
          },
          {
            "lat": 43.38355,
            "lon": 5.40007
          },
          {
            "lat": 43.38344,
            "lon": 5.40011
          },
          {
            "lat": 43.38335,
            "lon": 5.4001
          },
          {
            "lat": 43.38327,
            "lon": 5.40004
          },
          {
            "lat": 43.3831,
            "lon": 5.39987
          },
          {
            "lat": 43.38282,
            "lon": 5.39956
          },
          {
            "lat": 43.38238,
            "lon": 5.39898
          },
          {
            "lat": 43.38231,
            "lon": 5.39893
          },
          {
            "lat": 43.3822,
            "lon": 5.39893
          },
          {
            "lat": 43.38204,
            "lon": 5.39902
          },
          {
            "lat": 43.38194,
            "lon": 5.39914
          },
          {
            "lat": 43.3819,
            "lon": 5.3992
          },
          {
            "lat": 43.38186,
            "lon": 5.39961
          },
          {
            "lat": 43.38178,
            "lon": 5.40051
          },
          {
            "lat": 43.38172,
            "lon": 5.40108
          },
          {
            "lat": 43.38166,
            "lon": 5.40144
          },
          {
            "lat": 43.38155,
            "lon": 5.40171
          },
          {
            "lat": 43.38143,
            "lon": 5.4019
          },
          {
            "lat": 43.38086,
            "lon": 5.40234
          },
          {
            "lat": 43.3807,
            "lon": 5.40257
          },
          {
            "lat": 43.38063,
            "lon": 5.40278
          }
        ]
      }
    ]
  }
}