{
  "timestamp": "2025-01-08T09:49:10.662476",
  "main_route": {
    "distance_meters": 13753,
    "time_seconds": 1263,
    "traffic_delay_seconds": 36,
    "traffic_confidence": 0,
    "instructions": [
      {
        "message": "Partir de Rue Augustin Roux",
        "distance_meters": 0,
        "street": "Rue Augustin Roux",
        "exit_number": "",
        "turn_angle": 0,
        "latitude": 43.35029,
        "longitude": 5.36158,
        "type": "",
        "road_numbers": [],
        "maneuver": "DEPART"
      },
      {
        "message": "Tournez à droite sur Rue Augustin Roux",
        "distance_meters": 112,
        "street": "Rue Augustin Roux",
        "exit_number": "",
        "turn_angle": 90,
        "latitude": 43.34935,
        "longitude": 5.36187,
        "type": "",
        "road_numbers": [],
        "maneuver": "TURN_RIGHT"
      },
      {
        "message": "Tournez à droite sur Avenue Paul Gaffarel",
        "distance_meters": 298,
        "street": "Avenue Paul Gaffarel",
        "exit_number": "",
        "turn_angle": 90,
        "latitude": 43.34848,
        "longitude": 5.36261,
        "type": "",
        "road_numbers": [],
        "maneuver": "TURN_RIGHT"
      },
      {
        "message": "Tenez la gauche à Avenue Paul Gaffarel",
        "distance_meters": 460,
        "street": "Avenue Paul Gaffarel",
        "exit_number": "",
        "turn_angle": -45,
        "latitude": 43.3494,
        "longitude": 5.36131,
        "type": "",
        "road_numbers": [],
        "maneuver": "KEEP_LEFT"
      },
      {
        "message": "Tournez à droite sur Chemin de Saint-Louis au Rove",
        "distance_meters": 896,
        "street": "Chemin de Saint-Louis au Rove",
        "exit_number": "",
        "turn_angle": 90,
        "latitude": 43.34841,
        "longitude": 5.35638,
        "type": "",
        "road_numbers": [],
        "maneuver": "TURN_RIGHT"
      },
      {
        "message": "Au rond-point, prenez la <roundaboutExitNumber>deuxième</roundaboutExitNumber> sortie sur Chemin du Ruisseau Mirabeau",
        "distance_meters": 1261,
        "street": "Chemin du Ruisseau Mirabeau",
        "exit_number": "",
        "turn_angle": -90,
        "latitude": 43.35083,
        "longitude": 5.35421,
        "type": "",
        "road_numbers": [],
        "maneuver": "ROUNDABOUT_LEFT"
      },
      {
        "message": "Dirigez-vous vers la droite à Chemin du Ruisseau Mirabeau",
        "distance_meters": 2094,
        "street": "Chemin du Ruisseau Mirabeau",
        "exit_number": "",
        "turn_angle": 45,
        "latitude": 43.34838,
        "longitude": 5.34552,
        "type": "",
        "road_numbers": [],
        "maneuver": "BEAR_RIGHT"
      },
      {
        "message": "Tournez à gauche sur Chemin du Littoral",
        "distance_meters": 2227,
        "street": "Chemin du Littoral",
        "exit_number": "",
        "turn_angle": -90,
        "latitude": 43.34796,
        "longitude": 5.34398,
        "type": "",
        "road_numbers": [],
        "maneuver": "TURN_LEFT"
      },
      {
        "message": "Prenez l'autoroute <roadNumber>A55</roadNumber>",
        "distance_meters": 3941,
        "street": "Autoroute du Littoral",
        "exit_number": "",
        "turn_angle": 0,
        "latitude": 43.33534,
        "longitude": 5.35315,
        "type": "",
        "road_numbers": [
          "A55"
        ],
        "maneuver": "ENTER_MOTORWAY"
      },
      {
        "message": "Tenez la gauche à Autoroute du Littoral/<roadNumber>A55</roadNumber>",
        "distance_meters": 4357,
        "street": "Autoroute du Littoral",
        "exit_number": "",
        "turn_angle": -45,
        "latitude": 43.33177,
        "longitude": 5.35413,
        "type": "",
        "road_numbers": [
          "A55"
        ],
        "maneuver": "KEEP_LEFT"
      },
      {
        "message": "Suivez Autoroute du Littoral/<roadNumber>A55</roadNumber> vers <signpostText>AUBAGNE</signpostText>",
        "distance_meters": 4772,
        "street": "Autoroute du Littoral",
        "exit_number": "",
        "turn_angle": 0,
        "latitude": 43.32858,
        "longitude": 5.35655,
        "type": "",
        "road_numbers": [
          "A55"
        ],
        "maneuver": "FOLLOW"
      },
      {
        "message": "Tenez la gauche à <roadNumber>A50</roadNumber> vers <signpostText>AUBAGNE</signpostText>",
        "distance_meters": 9277,
        "street": "",
        "exit_number": "",
        "turn_angle": -45,
        "latitude": 43.29182,
        "longitude": 5.36572,
        "type": "",
        "road_numbers": [
          "A50"
        ],
        "maneuver": "KEEP_LEFT"
      },
      {
        "message": "Prenez la sortie <exitNumber>2</exitNumber> sur Boulevard Rabatau Daniel Matalon vers <signpostText>LA TIMONE</signpostText>",
        "distance_meters": 12215,
        "street": "Boulevard Rabatau Daniel Matalon",
        "exit_number": "2",
        "turn_angle": 45,
        "latitude": 43.28284,
        "longitude": 5.39781,
        "type": "",
        "road_numbers": [],
        "maneuver": "TAKE_EXIT"
      },
      {
        "message": "Dirigez-vous vers la gauche à Rabatau Pologne vers <signpostText>La Timone</signpostText>",
        "distance_meters": 12334,
        "street": "Rabatau Pologne",
        "exit_number": "",
        "turn_angle": -45,
        "latitude": 43.28292,
        "longitude": 5.39926,
        "type": "",
        "road_numbers": [],
        "maneuver": "BEAR_LEFT"
      },
      {
        "message": "Tenez la droite à Boulevard Jean Moulin/<roadNumber>D4c</roadNumber> vers <signpostText>Centre-Ville-Vieux-Port</signpostText>",
        "distance_meters": 12443,
        "street": "Boulevard Jean Moulin",
        "exit_number": "",
        "turn_angle": 45,
        "latitude": 43.28346,
        "longitude": 5.39932,
        "type": "",
        "road_numbers": [
          "D4c"
        ],
        "maneuver": "KEEP_RIGHT"
      },
      {
        "message": "Au rond-point, prenez la <roundaboutExitNumber>deuxième</roundaboutExitNumber> sortie sur Boulevard Jean Moulin/<roadNumber>D4c</roadNumber>",
        "distance_meters": 12478,
        "street": "Boulevard Jean Moulin",
        "exit_number": "",
        "turn_angle": 135,
        "latitude": 43.28346,
        "longitude": 5.39892,
        "type": "",
        "road_numbers": [
          "D4c"
        ],
        "maneuver": "ROUNDABOUT_RIGHT"
      },
      {
        "message": "Tournez à gauche sur Boulevard Baille",
        "distance_meters": 13282,
        "street": "Boulevard Baille",
        "exit_number": "",
        "turn_angle": -90,
        "latitude": 43.29022,
        "longitude": 5.40001,
        "type": "",
        "road_numbers": [],
        "maneuver": "TURN_LEFT"
      },
      {
        "message": "Vous êtes arrivé à Boulevard Baille",
        "distance_meters": 13753,
        "street": "Boulevard Baille",
        "exit_number": "",
        "turn_angle": 0,
        "latitude": 43.28887,
        "longitude": 5.39472,
        "type": "",
        "road_numbers": [],
        "maneuver": "ARRIVE"
      }
    ],
    "route_legs": [
      {
        "distance": 13753,
        "travel_time": 1263,
        "delay": 0,
        "start_point": {
          "lat": 43.35029,
          "lon": 5.36158
        },
        "end_point": {
          "lat": 43.28887,
          "lon": 5.39472
        },
        "guidance": [],
        "points": [
          {
            "lat": 43.35029,
            "lon": 5.36158
          },
          {
            "lat": 43.35028,
            "lon": 5.3616
          },
          {
            "lat": 43.35025,
            "lon": 5.36163
          },
          {
            "lat": 43.35021,
            "lon": 5.36165
          },
          {
            "lat": 43.35012,
            "lon": 5.36167
          },
          {
            "lat": 43.3494,
            "lon": 5.36177
          },
          {
            "lat": 43.34938,
            "lon": 5.36178
          },
          {
            "lat": 43.34937,
            "lon": 5.36181
          },
          {
            "lat": 43.34935,
            "lon": 5.36187
          },
          {
            "lat": 43.34917,
            "lon": 5.36191
          },
          {
            "lat": 43.34914,
            "lon": 5.36192
          },
          {
            "lat": 43.34912,
            "lon": 5.36194
          },
          {
            "lat": 43.34911,
            "lon": 5.36199
          },
          {
            "lat": 43.34905,
            "lon": 5.36249
          },
          {
            "lat": 43.349,
            "lon": 5.36293
          },
          {
            "lat": 43.34899,
            "lon": 5.36297
          },
          {
            "lat": 43.34896,
            "lon": 5.363
          },
          {
            "lat": 43.3489,
            "lon": 5.36306
          },
          {
            "lat": 43.34889,
            "lon": 5.36307
          },
          {
            "lat": 43.34886,
            "lon": 5.36308
          },
          {
            "lat": 43.34882,
            "lon": 5.36307
          },
          {
            "lat": 43.34878,
            "lon": 5.36304
          },
          {
            "lat": 43.34875,
            "lon": 5.363
          },
          {
            "lat": 43.34848,
            "lon": 5.36261
          },
          {
            "lat": 43.34846,
            "lon": 5.36256
          },
          {
            "lat": 43.34844,
            "lon": 5.36252
          },
          {
            "lat": 43.34842,
            "lon": 5.36249
          },
          {
            "lat": 43.34843,
            "lon": 5.36244
          },
          {
            "lat": 43.34846,
            "lon": 5.36235
          },
          {
            "lat": 43.34848,
            "lon": 5.36229
          },
          {
            "lat": 43.34857,
            "lon": 5.36211
          },
          {
            "lat": 43.34872,
            "lon": 5.362
          },
          {
            "lat": 43.34901,
            "lon": 5.36179
          },
          {
            "lat": 43.3492,
            "lon": 5.36165
          },
          {
            "lat": 43.34927,
            "lon": 5.36153
          },
          {
            "lat": 43.34933,
            "lon": 5.36145
          },
          {
            "lat": 43.3494,
            "lon": 5.36133
          },
          {
            "lat": 43.3494,
            "lon": 5.36131
          },
          {
            "lat": 43.34949,
            "lon": 5.36107
          },
          {
            "lat": 43.34953,
            "lon": 5.36095
          },
          {
            "lat": 43.34958,
            "lon": 5.36067
          },
          {
            "lat": 43.34958,
            "lon": 5.36049
          },
          {
            "lat": 43.34954,
            "lon": 5.36027
          },
          {
            "lat": 43.34945,
            "lon": 5.35998
          },
          {
            "lat": 43.34933,
            "lon": 5.35956
          },
          {
            "lat": 43.34925,
            "lon": 5.35927
          },
          {
            "lat": 43.34917,
            "lon": 5.35888
          },
          {
            "lat": 43.34913,
            "lon": 5.35837
          },
          {
            "lat": 43.34908,
            "lon": 5.35809
          },
          {
            "lat": 43.349,
            "lon": 5.3578
          },
          {
            "lat": 43.34899,
            "lon": 5.35769
          },
          {
            "lat": 43.3489,
            "lon": 5.35752
          },
          {
            "lat": 43.34876,
            "lon": 5.35722
          },
          {
            "lat": 43.34855,
            "lon": 5.35685
          },
          {
            "lat": 43.34844,
            "lon": 5.35669
          },
          {
            "lat": 43.34841,
            "lon": 5.35638
          },
          {
            "lat": 43.34841,
            "lon": 5.3563
          },
          {
            "lat": 43.34841,
            "lon": 5.35623
          },
          {
            "lat": 43.34841,
            "lon": 5.35621
          },
          {
            "lat": 43.34842,
            "lon": 5.35607
          },
          {
            "lat": 43.34843,
            "lon": 5.35602
          },
          {
            "lat": 43.34847,
            "lon": 5.3559
          },
          {
            "lat": 43.34869,
            "lon": 5.35551
          },
          {
            "lat": 43.34875,
            "lon": 5.35541
          },
          {
            "lat": 43.34911,
            "lon": 5.35481
          },
          {
            "lat": 43.34931,
            "lon": 5.35447
          },
          {
            "lat": 43.34938,
            "lon": 5.35437
          },
          {
            "lat": 43.34941,
            "lon": 5.35434
          },
          {
            "lat": 43.34948,
            "lon": 5.35427
          },
          {
            "lat": 43.34955,
            "lon": 5.35423
          },
          {
            "lat": 43.34959,
            "lon": 5.35422
          },
          {
            "lat": 43.34967,
            "lon": 5.35421
          },
          {
            "lat": 43.34977,
            "lon": 5.35423
          },
          {
            "lat": 43.35003,
            "lon": 5.3543
          },
          {
            "lat": 43.35014,
            "lon": 5.35431
          },
          {
            "lat": 43.35041,
            "lon": 5.35428
          },
          {
            "lat": 43.35072,
            "lon": 5.35422
          },
          {
            "lat": 43.35083,
            "lon": 5.35421
          },
          {
            "lat": 43.35085,
            "lon": 5.35424
          },
          {
            "lat": 43.35088,
            "lon": 5.35425
          },
          {
            "lat": 43.35091,
            "lon": 5.35425
          },
          {
            "lat": 43.35095,
            "lon": 5.35424
          },
          {
            "lat": 43.35098,
            "lon": 5.35421
          },
          {
            "lat": 43.35099,
            "lon": 5.35418
          },
          {
            "lat": 43.351,
            "lon": 5.35414
          },
          {
            "lat": 43.35099,
            "lon": 5.3541
          },
          {
            "lat": 43.35098,
            "lon": 5.35408
          },
          {
            "lat": 43.35095,
            "lon": 5.35405
          },
          {
            "lat": 43.35093,
            "lon": 5.35404
          },
          {
            "lat": 43.35097,
            "lon": 5.3538
          },
          {
            "lat": 43.35117,
            "lon": 5.35259
          },
          {
            "lat": 43.35122,
            "lon": 5.35228
          },
          {
            "lat": 43.35122,
            "lon": 5.35224
          },
          {
            "lat": 43.35122,
            "lon": 5.35209
          },
          {
            "lat": 43.35121,
            "lon": 5.35195
          },
          {
            "lat": 43.35118,
            "lon": 5.35185
          },
          {
            "lat": 43.35115,
            "lon": 5.35174
          },
          {
            "lat": 43.35112,
            "lon": 5.35163
          },
          {
            "lat": 43.35106,
            "lon": 5.35145
          },
          {
            "lat": 43.35103,
            "lon": 5.35137
          },
          {
            "lat": 43.35082,
            "lon": 5.35076
          },
          {
            "lat": 43.35077,
            "lon": 5.35063
          },
          {
            "lat": 43.35047,
            "lon": 5.34973
          },
          {
            "lat": 43.35043,
            "lon": 5.34959
          },
          {
            "lat": 43.35031,
            "lon": 5.34919
          },
          {
            "lat": 43.35026,
            "lon": 5.34899
          },
          {
            "lat": 43.3502,
            "lon": 5.34879
          },
          {
            "lat": 43.35017,
            "lon": 5.34874
          },
          {
            "lat": 43.35011,
            "lon": 5.34863
          },
          {
            "lat": 43.35006,
            "lon": 5.34853
          },
          {
            "lat": 43.34998,
            "lon": 5.34839
          },
          {
            "lat": 43.34979,
            "lon": 5.34805
          },
          {
            "lat": 43.34967,
            "lon": 5.3478
          },
          {
            "lat": 43.34947,
            "lon": 5.34708
          },
          {
            "lat": 43.34938,
            "lon": 5.34679
          },
          {
            "lat": 43.34929,
            "lon": 5.3465
          },
          {
            "lat": 43.34924,
            "lon": 5.3464
          },
          {
            "lat": 43.34918,
            "lon": 5.34629
          },
          {
            "lat": 43.34915,
            "lon": 5.34625
          },
          {
            "lat": 43.34911,
            "lon": 5.34621
          },
          {
            "lat": 43.34893,
            "lon": 5.34606
          },
          {
            "lat": 43.3488,
            "lon": 5.34596
          },
          {
            "lat": 43.34878,
            "lon": 5.34591
          },
          {
            "lat": 43.34845,
            "lon": 5.3456
          },
          {
            "lat": 43.34838,
            "lon": 5.34552
          },
          {
            "lat": 43.34831,
            "lon": 5.34534
          },
          {
            "lat": 43.34827,
            "lon": 5.34514
          },
          {
            "lat": 43.34822,
            "lon": 5.34492
          },
          {
            "lat": 43.34812,
            "lon": 5.34452
          },
          {
            "lat": 43.34803,
            "lon": 5.34419
          },
          {
            "lat": 43.34796,
            "lon": 5.34398
          },
          {
            "lat": 43.34796,
            "lon": 5.34383
          },
          {
            "lat": 43.34794,
            "lon": 5.34376
          },
          {
            "lat": 43.34792,
            "lon": 5.34372
          },
          {
            "lat": 43.34791,
            "lon": 5.34369
          },
          {
            "lat": 43.34789,
            "lon": 5.34367
          },
          {
            "lat": 43.34786,
            "lon": 5.34364
          },
          {
            "lat": 43.34771,
            "lon": 5.34359
          },
          {
            "lat": 43.34768,
            "lon": 5.34362
          },
          {
            "lat": 43.34764,
            "lon": 5.34366
          },
          {
            "lat": 43.34758,
            "lon": 5.34372
          },
          {
            "lat": 43.34723,
            "lon": 5.34414
          },
          {
            "lat": 43.34708,
            "lon": 5.34435
          },
          {
            "lat": 43.34697,
            "lon": 5.34448
          },
          {
            "lat": 43.34693,
            "lon": 5.34451
          },
          {
            "lat": 43.3465,
            "lon": 5.34488
          },
          {
            "lat": 43.34576,
            "lon": 5.3454
          },
          {
            "lat": 43.34549,
            "lon": 5.34559
          },
          {
            "lat": 43.34507,
            "lon": 5.34593
          },
          {
            "lat": 43.34464,
            "lon": 5.34624
          },
          {
            "lat": 43.34432,
            "lon": 5.34649
          },
          {
            "lat": 43.34367,
            "lon": 5.34695
          },
          {
            "lat": 43.3435,
            "lon": 5.34705
          },
          {
            "lat": 43.34259,
            "lon": 5.34758
          },
          {
            "lat": 43.3422,
            "lon": 5.34777
          },
          {
            "lat": 43.34198,
            "lon": 5.34786
          },
          {
            "lat": 43.34155,
            "lon": 5.34799
          },
          {
            "lat": 43.34127,
            "lon": 5.34805
          },
          {
            "lat": 43.34076,
            "lon": 5.34809
          },
          {
            "lat": 43.33992,
            "lon": 5.34813
          },
          {
            "lat": 43.33927,
            "lon": 5.34818
          },
          {
            "lat": 43.33878,
            "lon": 5.34829
          },
          {
            "lat": 43.33854,
            "lon": 5.34838
          },
          {
            "lat": 43.33836,
            "lon": 5.34846
          },
          {
            "lat": 43.33801,
            "lon": 5.34863
          },
          {
            "lat": 43.33783,
            "lon": 5.34872
          },
          {
            "lat": 43.33776,
            "lon": 5.34876
          },
          {
            "lat": 43.33754,
            "lon": 5.34892
          },
          {
            "lat": 43.33739,
            "lon": 5.34906
          },
          {
            "lat": 43.33714,
            "lon": 5.34938
          },
          {
            "lat": 43.33701,
            "lon": 5.34956
          },
          {
            "lat": 43.3369,
            "lon": 5.34971
          },
          {
            "lat": 43.3368,
            "lon": 5.34985
          },
          {
            "lat": 43.33641,
            "lon": 5.35034
          },
          {
            "lat": 43.33636,
            "lon": 5.35042
          },
          {
            "lat": 43.33628,
            "lon": 5.35059
          },
          {
            "lat": 43.33625,
            "lon": 5.35067
          },
          {
            "lat": 43.3362,
            "lon": 5.35084
          },
          {
            "lat": 43.33617,
            "lon": 5.35099
          },
          {
            "lat": 43.33613,
            "lon": 5.35114
          },
          {
            "lat": 43.33608,
            "lon": 5.3514
          },
          {
            "lat": 43.336,
            "lon": 5.35165
          },
          {
            "lat": 43.33578,
            "lon": 5.35227
          },
          {
            "lat": 43.33563,
            "lon": 5.35256
          },
          {
            "lat": 43.33561,
            "lon": 5.3526
          },
          {
            "lat": 43.33547,
            "lon": 5.35286
          },
          {
            "lat": 43.33541,
            "lon": 5.35295
          },
          {
            "lat": 43.33539,
            "lon": 5.35299
          },
          {
            "lat": 43.33538,
            "lon": 5.35303
          },
          {
            "lat": 43.33536,
            "lon": 5.35308
          },
          {
            "lat": 43.33534,
            "lon": 5.35315
          },
          {
            "lat": 43.33525,
            "lon": 5.35325
          },
          {
            "lat": 43.33513,
            "lon": 5.35336
          },
          {
            "lat": 43.33504,
            "lon": 5.35345
          },
          {
            "lat": 43.33483,
            "lon": 5.35364
          },
          {
            "lat": 43.33452,
            "lon": 5.35384
          },
          {
            "lat": 43.33417,
            "lon": 5.35401
          },
          {
            "lat": 43.33411,
            "lon": 5.35404
          },
          {
            "lat": 43.33397,
            "lon": 5.35408
          },
          {
            "lat": 43.33377,
            "lon": 5.35412
          },
          {
            "lat": 43.33369,
            "lon": 5.35412
          },
          {
            "lat": 43.33323,
            "lon": 5.35413
          },
          {
            "lat": 43.33243,
            "lon": 5.35412
          },
          {
            "lat": 43.33185,
            "lon": 5.35412
          },
          {
            "lat": 43.33177,
            "lon": 5.35413
          },
          {
            "lat": 43.33133,
            "lon": 5.35421
          },
          {
            "lat": 43.33101,
            "lon": 5.3543
          },
          {
            "lat": 43.33091,
            "lon": 5.35434
          },
          {
            "lat": 43.33076,
            "lon": 5.35441
          },
          {
            "lat": 43.33056,
            "lon": 5.35452
          },
          {
            "lat": 43.33046,
            "lon": 5.35458
          },
          {
            "lat": 43.33016,
            "lon": 5.35481
          },
          {
            "lat": 43.33008,
            "lon": 5.35488
          },
          {
            "lat": 43.3298,
            "lon": 5.35513
          },
          {
            "lat": 43.32968,
            "lon": 5.35524
          },
          {
            "lat": 43.32963,
            "lon": 5.35528
          },
          {
            "lat": 43.3289,
            "lon": 5.35612
          },
          {
            "lat": 43.32875,
            "lon": 5.35633
          },
          {
            "lat": 43.32811,
            "lon": 5.35718
          },
          {
            "lat": 43.32785,
            "lon": 5.35757
          },
          {
            "lat": 43.32761,
            "lon": 5.35789
          },
          {
            "lat": 43.32713,
            "lon": 5.35848
          },
          {
            "lat": 43.3271,
            "lon": 5.35853
          },
          {
            "lat": 43.32705,
            "lon": 5.3586
          },
          {
            "lat": 43.327,
            "lon": 5.35869
          },
          {
            "lat": 43.32694,
            "lon": 5.35878
          },
          {
            "lat": 43.32678,
            "lon": 5.35906
          },
          {
            "lat": 43.32645,
            "lon": 5.35967
          },
          {
            "lat": 43.32598,
            "lon": 5.36041
          },
          {
            "lat": 43.32545,
            "lon": 5.36112
          },
          {
            "lat": 43.32526,
            "lon": 5.36133
          },
          {
            "lat": 43.32478,
            "lon": 5.36186
          },
          {
            "lat": 43.32398,
            "lon": 5.36268
          },
          {
            "lat": 43.32352,
            "lon": 5.36318
          },
          {
            "lat": 43.32341,
            "lon": 5.3633
          },
          {
            "lat": 43.32331,
            "lon": 5.3634
          },
          {
            "lat": 43.32308,
            "lon": 5.36361
          },
          {
            "lat": 43.32291,
            "lon": 5.36375
          },
          {
            "lat": 43.32249,
            "lon": 5.36401
          },
          {
            "lat": 43.32222,
            "lon": 5.36413
          },
          {
            "lat": 43.32215,
            "lon": 5.36414
          },
          {
            "lat": 43.32196,
            "lon": 5.36422
          },
          {
            "lat": 43.32163,
            "lon": 5.36427
          },
          {
            "lat": 43.32134,
            "lon": 5.36427
          },
          {
            "lat": 43.32093,
            "lon": 5.36422
          },
          {
            "lat": 43.32068,
            "lon": 5.36414
          },
          {
            "lat": 43.32036,
            "lon": 5.36401
          },
          {
            "lat": 43.31939,
            "lon": 5.3635
          },
          {
            "lat": 43.31923,
            "lon": 5.36344
          },
          {
            "lat": 43.31913,
            "lon": 5.3634
          },
          {
            "lat": 43.31895,
            "lon": 5.36337
          },
          {
            "lat": 43.31862,
            "lon": 5.36335
          },
          {
            "lat": 43.31843,
            "lon": 5.36336
          },
          {
            "lat": 43.31811,
            "lon": 5.36343
          },
          {
            "lat": 43.31795,
            "lon": 5.36349
          },
          {
            "lat": 43.31786,
            "lon": 5.36354
          },
          {
            "lat": 43.31767,
            "lon": 5.36366
          },
          {
            "lat": 43.31739,
            "lon": 5.36387
          },
          {
            "lat": 43.31725,
            "lon": 5.36398
          },
          {
            "lat": 43.31646,
            "lon": 5.36454
          },
          {
            "lat": 43.31614,
            "lon": 5.36475
          },
          {
            "lat": 43.3161,
            "lon": 5.36478
          },
          {
            "lat": 43.31596,
            "lon": 5.36487
          },
          {
            "lat": 43.31565,
            "lon": 5.36508
          },
          {
            "lat": 43.31559,
            "lon": 5.36511
          },
          {
            "lat": 43.31556,
            "lon": 5.36513
          },
          {
            "lat": 43.31551,
            "lon": 5.36514
          },
          {
            "lat": 43.31547,
            "lon": 5.36514
          },
          {
            "lat": 43.31535,
            "lon": 5.36516
          },
          {
            "lat": 43.31531,
            "lon": 5.36517
          },
          {
            "lat": 43.31467,
            "lon": 5.3655
          },
          {
            "lat": 43.31459,
            "lon": 5.36554
          },
          {
            "lat": 43.3145,
            "lon": 5.36559
          },
          {
            "lat": 43.31443,
            "lon": 5.36562
          },
          {
            "lat": 43.31436,
            "lon": 5.36566
          },
          {
            "lat": 43.31401,
            "lon": 5.36582
          },
          {
            "lat": 43.31347,
            "lon": 5.36613
          },
          {
            "lat": 43.31328,
            "lon": 5.36624
          },
          {
            "lat": 43.31321,
            "lon": 5.36628
          },
          {
            "lat": 43.31293,
            "lon": 5.36645
          },
          {
            "lat": 43.3128,
            "lon": 5.36652
          },
          {
            "lat": 43.31251,
            "lon": 5.36663
          },
          {
            "lat": 43.31217,
            "lon": 5.36683
          },
          {
            "lat": 43.31201,
            "lon": 5.36694
          },
          {
            "lat": 43.31198,
            "lon": 5.36696
          },
          {
            "lat": 43.31188,
            "lon": 5.367
          },
          {
            "lat": 43.31185,
            "lon": 5.36701
          },
          {
            "lat": 43.31172,
            "lon": 5.36706
          },
          {
            "lat": 43.31164,
            "lon": 5.36708
          },
          {
            "lat": 43.31146,
            "lon": 5.36715
          },
          {
            "lat": 43.31135,
            "lon": 5.36718
          },
          {
            "lat": 43.31129,
            "lon": 5.36718
          },
          {
            "lat": 43.31114,
            "lon": 5.36717
          },
          {
            "lat": 43.31094,
            "lon": 5.36714
          },
          {
            "lat": 43.31056,
            "lon": 5.36705
          },
          {
            "lat": 43.31019,
            "lon": 5.36693
          },
          {
            "lat": 43.31001,
            "lon": 5.36685
          },
          {
            "lat": 43.30979,
            "lon": 5.36679
          },
          {
            "lat": 43.30971,
            "lon": 5.36676
          },
          {
            "lat": 43.30963,
            "lon": 5.36675
          },
          {
            "lat": 43.30936,
            "lon": 5.36669
          },
          {
            "lat": 43.30927,
            "lon": 5.36667
          },
          {
            "lat": 43.30922,
            "lon": 5.36665
          },
          {
            "lat": 43.30917,
            "lon": 5.36664
          },
          {
            "lat": 43.30909,
            "lon": 5.36661
          },
          {
            "lat": 43.30902,
            "lon": 5.36659
          },
          {
            "lat": 43.30892,
            "lon": 5.36655
          },
          {
            "lat": 43.30821,
            "lon": 5.36633
          },
          {
            "lat": 43.30811,
            "lon": 5.36629
          },
          {
            "lat": 43.30751,
            "lon": 5.36611
          },
          {
            "lat": 43.30694,
            "lon": 5.36591
          },
          {
            "lat": 43.30682,
            "lon": 5.36585
          },
          {
            "lat": 43.30653,
            "lon": 5.36575
          },
          {
            "lat": 43.30637,
            "lon": 5.3657
          },
          {
            "lat": 43.30615,
            "lon": 5.36564
          },
          {
            "lat": 43.30553,
            "lon": 5.36547
          },
          {
            "lat": 43.30525,
            "lon": 5.36541
          },
          {
            "lat": 43.30483,
            "lon": 5.36529
          },
          {
            "lat": 43.30473,
            "lon": 5.36526
          },
          {
            "lat": 43.30418,
            "lon": 5.36509
          },
          {
            "lat": 43.30353,
            "lon": 5.36493
          },
          {
            "lat": 43.30342,
            "lon": 5.3649
          },
          {
            "lat": 43.30227,
            "lon": 5.36455
          },
          {
            "lat": 43.30211,
            "lon": 5.36454
          },
          {
            "lat": 43.3018,
            "lon": 5.36451
          },
          {
            "lat": 43.30111,
            "lon": 5.36433
          },
          {
            "lat": 43.30105,
            "lon": 5.36432
          },
          {
            "lat": 43.30086,
            "lon": 5.36427
          },
          {
            "lat": 43.30045,
            "lon": 5.36416
          },
          {
            "lat": 43.3,
            "lon": 5.36404
          },
          {
            "lat": 43.29948,
            "lon": 5.36388
          },
          {
            "lat": 43.29921,
            "lon": 5.36379
          },
          {
            "lat": 43.29826,
            "lon": 5.36348
          },
          {
            "lat": 43.29767,
            "lon": 5.36329
          },
          {
            "lat": 43.29733,
            "lon": 5.36314
          },
          {
            "lat": 43.29709,
            "lon": 5.36302
          },
          {
            "lat": 43.29701,
            "lon": 5.36298
          },
          {
            "lat": 43.29691,
            "lon": 5.36291
          },
          {
            "lat": 43.29676,
            "lon": 5.36284
          },
          {
            "lat": 43.2967,
            "lon": 5.36282
          },
          {
            "lat": 43.29657,
            "lon": 5.36281
          },
          {
            "lat": 43.29655,
            "lon": 5.36281
          },
          {
            "lat": 43.29633,
            "lon": 5.36278
          },
          {
            "lat": 43.29621,
            "lon": 5.36277
          },
          {
            "lat": 43.29601,
            "lon": 5.36278
          },
          {
            "lat": 43.29565,
            "lon": 5.36282
          },
          {
            "lat": 43.2956,
            "lon": 5.36284
          },
          {
            "lat": 43.29531,
            "lon": 5.36299
          },
          {
            "lat": 43.29524,
            "lon": 5.36303
          },
          {
            "lat": 43.29517,
            "lon": 5.36308
          },
          {
            "lat": 43.2951,
            "lon": 5.36313
          },
          {
            "lat": 43.29497,
            "lon": 5.36322
          },
          {
            "lat": 43.29478,
            "lon": 5.36338
          },
          {
            "lat": 43.29475,
            "lon": 5.36341
          },
          {
            "lat": 43.29446,
            "lon": 5.36368
          },
          {
            "lat": 43.29441,
            "lon": 5.36372
          },
          {
            "lat": 43.29436,
            "lon": 5.36377
          },
          {
            "lat": 43.29426,
            "lon": 5.36387
          },
          {
            "lat": 43.29412,
            "lon": 5.36399
          },
          {
            "lat": 43.29373,
            "lon": 5.36434
          },
          {
            "lat": 43.29342,
            "lon": 5.36462
          },
          {
            "lat": 43.29284,
            "lon": 5.36513
          },
          {
            "lat": 43.29268,
            "lon": 5.36525
          },
          {
            "lat": 43.29253,
            "lon": 5.36535
          },
          {
            "lat": 43.2925,
            "lon": 5.36536
          },
          {
            "lat": 43.29243,
            "lon": 5.3654
          },
          {
            "lat": 43.29235,
            "lon": 5.36544
          },
          {
            "lat": 43.29234,
            "lon": 5.36545
          },
          {
            "lat": 43.29233,
            "lon": 5.36545
          },
          {
            "lat": 43.29228,
            "lon": 5.36547
          },
          {
            "lat": 43.29218,
            "lon": 5.36552
          },
          {
            "lat": 43.29202,
            "lon": 5.3656
          },
          {
            "lat": 43.29198,
            "lon": 5.36563
          },
          {
            "lat": 43.29182,
            "lon": 5.36572
          },
          {
            "lat": 43.29146,
            "lon": 5.36592
          },
          {
            "lat": 43.29136,
            "lon": 5.36599
          },
          {
            "lat": 43.29131,
            "lon": 5.36603
          },
          {
            "lat": 43.29128,
            "lon": 5.36607
          },
          {
            "lat": 43.29122,
            "lon": 5.36614
          },
          {
            "lat": 43.29114,
            "lon": 5.36627
          },
          {
            "lat": 43.29112,
            "lon": 5.36631
          },
          {
            "lat": 43.29098,
            "lon": 5.36661
          },
          {
            "lat": 43.29097,
            "lon": 5.36665
          },
          {
            "lat": 43.29095,
            "lon": 5.36675
          },
          {
            "lat": 43.29094,
            "lon": 5.36681
          },
          {
            "lat": 43.29088,
            "lon": 5.36714
          },
          {
            "lat": 43.29084,
            "lon": 5.36739
          },
          {
            "lat": 43.29075,
            "lon": 5.3677
          },
          {
            "lat": 43.29066,
            "lon": 5.36797
          },
          {
            "lat": 43.29057,
            "lon": 5.36819
          },
          {
            "lat": 43.29044,
            "lon": 5.36846
          },
          {
            "lat": 43.29029,
            "lon": 5.36874
          },
          {
            "lat": 43.29024,
            "lon": 5.36883
          },
          {
            "lat": 43.29021,
            "lon": 5.36887
          },
          {
            "lat": 43.29014,
            "lon": 5.36896
          },
          {
            "lat": 43.29011,
            "lon": 5.36901
          },
          {
            "lat": 43.29003,
            "lon": 5.36912
          },
          {
            "lat": 43.28999,
            "lon": 5.36917
          },
          {
            "lat": 43.28954,
            "lon": 5.36975
          },
          {
            "lat": 43.28931,
            "lon": 5.37006
          },
          {
            "lat": 43.28918,
            "lon": 5.37024
          },
          {
            "lat": 43.28883,
            "lon": 5.37069
          },
          {
            "lat": 43.28842,
            "lon": 5.37123
          },
          {
            "lat": 43.28818,
            "lon": 5.37155
          },
          {
            "lat": 43.287,
            "lon": 5.37309
          },
          {
            "lat": 43.28671,
            "lon": 5.37347
          },
          {
            "lat": 43.28629,
            "lon": 5.37411
          },
          {
            "lat": 43.28617,
            "lon": 5.37432
          },
          {
            "lat": 43.28613,
            "lon": 5.37439
          },
          {
            "lat": 43.28592,
            "lon": 5.37481
          },
          {
            "lat": 43.28575,
            "lon": 5.37518
          },
          {
            "lat": 43.28553,
            "lon": 5.37575
          },
          {
            "lat": 43.28542,
            "lon": 5.37613
          },
          {
            "lat": 43.28521,
            "lon": 5.37705
          },
          {
            "lat": 43.28501,
            "lon": 5.37796
          },
          {
            "lat": 43.28491,
            "lon": 5.37841
          },
          {
            "lat": 43.28483,
            "lon": 5.37876
          },
          {
            "lat": 43.28481,
            "lon": 5.37885
          },
          {
            "lat": 43.28458,
            "lon": 5.37988
          },
          {
            "lat": 43.28455,
            "lon": 5.37997
          },
          {
            "lat": 43.28442,
            "lon": 5.38043
          },
          {
            "lat": 43.28439,
            "lon": 5.38059
          },
          {
            "lat": 43.28422,
            "lon": 5.38147
          },
          {
            "lat": 43.28413,
            "lon": 5.38187
          },
          {
            "lat": 43.28408,
            "lon": 5.3821
          },
          {
            "lat": 43.28388,
            "lon": 5.38305
          },
          {
            "lat": 43.28383,
            "lon": 5.3833
          },
          {
            "lat": 43.28378,
            "lon": 5.38352
          },
          {
            "lat": 43.28376,
            "lon": 5.38361
          },
          {
            "lat": 43.2837,
            "lon": 5.38385
          },
          {
            "lat": 43.28349,
            "lon": 5.38477
          },
          {
            "lat": 43.28341,
            "lon": 5.38513
          },
          {
            "lat": 43.28332,
            "lon": 5.38556
          },
          {
            "lat": 43.28329,
            "lon": 5.38581
          },
          {
            "lat": 43.28324,
            "lon": 5.3864
          },
          {
            "lat": 43.28323,
            "lon": 5.3866
          },
          {
            "lat": 43.28322,
            "lon": 5.38689
          },
          {
            "lat": 43.28321,
            "lon": 5.38699
          },
          {
            "lat": 43.28315,
            "lon": 5.38749
          },
          {
            "lat": 43.28307,
            "lon": 5.38862
          },
          {
            "lat": 43.28302,
            "lon": 5.38888
          },
          {
            "lat": 43.28301,
            "lon": 5.389
          },
          {
            "lat": 43.28298,
            "lon": 5.38919
          },
          {
            "lat": 43.28296,
            "lon": 5.3893
          },
          {
            "lat": 43.28282,
            "lon": 5.39029
          },
          {
            "lat": 43.28279,
            "lon": 5.39059
          },
          {
            "lat": 43.28279,
            "lon": 5.39079
          },
          {
            "lat": 43.28279,
            "lon": 5.39121
          },
          {
            "lat": 43.28272,
            "lon": 5.39205
          },
          {
            "lat": 43.2827,
            "lon": 5.39224
          },
          {
            "lat": 43.28268,
            "lon": 5.39234
          },
          {
            "lat": 43.28257,
            "lon": 5.39278
          },
          {
            "lat": 43.28254,
            "lon": 5.39291
          },
          {
            "lat": 43.28245,
            "lon": 5.39321
          },
          {
            "lat": 43.28238,
            "lon": 5.3935
          },
          {
            "lat": 43.28236,
            "lon": 5.39364
          },
          {
            "lat": 43.28236,
            "lon": 5.39381
          },
          {
            "lat": 43.28236,
            "lon": 5.39384
          },
          {
            "lat": 43.28236,
            "lon": 5.39396
          },
          {
            "lat": 43.28237,
            "lon": 5.39404
          },
          {
            "lat": 43.28243,
            "lon": 5.39434
          },
          {
            "lat": 43.28246,
            "lon": 5.39448
          },
          {
            "lat": 43.28248,
            "lon": 5.39461
          },
          {
            "lat": 43.28249,
            "lon": 5.39473
          },
          {
            "lat": 43.28258,
            "lon": 5.39549
          },
          {
            "lat": 43.28259,
            "lon": 5.39571
          },
          {
            "lat": 43.28261,
            "lon": 5.39586
          },
          {
            "lat": 43.28262,
            "lon": 5.39589
          },
          {
            "lat": 43.28264,
            "lon": 5.39593
          },
          {
            "lat": 43.28264,
            "lon": 5.39595
          },
          {
            "lat": 43.28267,
            "lon": 5.39637
          },
          {
            "lat": 43.28271,
            "lon": 5.39697
          },
          {
            "lat": 43.28274,
            "lon": 5.39719
          },
          {
            "lat": 43.2828,
            "lon": 5.39756
          },
          {
            "lat": 43.28284,
            "lon": 5.39781
          },
          {
            "lat": 43.28286,
            "lon": 5.39818
          },
          {
            "lat": 43.2829,
            "lon": 5.39843
          },
          {
            "lat": 43.28291,
            "lon": 5.39874
          },
          {
            "lat": 43.28291,
            "lon": 5.39885
          },
          {
            "lat": 43.28292,
            "lon": 5.39926
          },
          {
            "lat": 43.28295,
            "lon": 5.39936
          },
          {
            "lat": 43.28302,
            "lon": 5.39948
          },
          {
            "lat": 43.28307,
            "lon": 5.39955
          },
          {
            "lat": 43.2831,
            "lon": 5.39959
          },
          {
            "lat": 43.28316,
            "lon": 5.39968
          },
          {
            "lat": 43.28319,
            "lon": 5.39972
          },
          {
            "lat": 43.28322,
            "lon": 5.39974
          },
          {
            "lat": 43.28327,
            "lon": 5.39976
          },
          {
            "lat": 43.28334,
            "lon": 5.39976
          },
          {
            "lat": 43.28338,
            "lon": 5.39975
          },
          {
            "lat": 43.28345,
            "lon": 5.39968
          },
          {
            "lat": 43.28346,
            "lon": 5.39965
          },
          {
            "lat": 43.28348,
            "lon": 5.39961
          },
          {
            "lat": 43.28349,
            "lon": 5.39958
          },
          {
            "lat": 43.28348,
            "lon": 5.39943
          },
          {
            "lat": 43.28347,
            "lon": 5.39938
          },
          {
            "lat": 43.28346,
            "lon": 5.39932
          },
          {
            "lat": 43.28341,
            "lon": 5.39912
          },
          {
            "lat": 43.2834,
            "lon": 5.39909
          },
          {
            "lat": 43.28341,
            "lon": 5.39906
          },
          {
            "lat": 43.28342,
            "lon": 5.39902
          },
          {
            "lat": 43.28346,
            "lon": 5.39892
          },
          {
            "lat": 43.2835,
            "lon": 5.39893
          },
          {
            "lat": 43.28355,
            "lon": 5.39892
          },
          {
            "lat": 43.28356,
            "lon": 5.39892
          },
          {
            "lat": 43.28358,
            "lon": 5.39891
          },
          {
            "lat": 43.28361,
            "lon": 5.39888
          },
          {
            "lat": 43.28363,
            "lon": 5.39885
          },
          {
            "lat": 43.28368,
            "lon": 5.39889
          },
          {
            "lat": 43.28374,
            "lon": 5.39893
          },
          {
            "lat": 43.28391,
            "lon": 5.3989
          },
          {
            "lat": 43.28471,
            "lon": 5.3989
          },
          {
            "lat": 43.28488,
            "lon": 5.3988
          },
          {
            "lat": 43.28501,
            "lon": 5.3988
          },
          {
            "lat": 43.28537,
            "lon": 5.39882
          },
          {
            "lat": 43.28566,
            "lon": 5.39885
          },
          {
            "lat": 43.28585,
            "lon": 5.39887
          },
          {
            "lat": 43.28589,
            "lon": 5.39888
          },
          {
            "lat": 43.28593,
            "lon": 5.3989
          },
          {
            "lat": 43.286,
            "lon": 5.39893
          },
          {
            "lat": 43.28606,
            "lon": 5.39897
          },
          {
            "lat": 43.28613,
            "lon": 5.39903
          },
          {
            "lat": 43.28613,
            "lon": 5.39903
          },
          {
            "lat": 43.28633,
            "lon": 5.39925
          },
          {
            "lat": 43.28674,
            "lon": 5.39982
          },
          {
            "lat": 43.28693,
            "lon": 5.40006
          },
          {
            "lat": 43.28701,
            "lon": 5.40017
          },
          {
            "lat": 43.28721,
            "lon": 5.40033
          },
          {
            "lat": 43.28736,
            "lon": 5.40041
          },
          {
            "lat": 43.2875,
            "lon": 5.40047
          },
          {
            "lat": 43.28771,
            "lon": 5.40049
          },
          {
            "lat": 43.28816,
            "lon": 5.40041
          },
          {
            "lat": 43.28851,
            "lon": 5.40034
          },
          {
            "lat": 43.28867,
            "lon": 5.40031
          },
          {
            "lat": 43.28883,
            "lon": 5.40027
          },
          {
            "lat": 43.2889,
            "lon": 5.40026
          },
          {
            "lat": 43.28899,
            "lon": 5.40023
          },
          {
            "lat": 43.2895,
            "lon": 5.40014
          },
          {
            "lat": 43.28974,
            "lon": 5.40008
          },
          {
            "lat": 43.2899,
            "lon": 5.40005
          },
          {
            "lat": 43.29005,
            "lon": 5.40003
          },
          {
            "lat": 43.29022,
            "lon": 5.40001
          },
          {
            "lat": 43.29032,
            "lon": 5.4
          },
          {
            "lat": 43.29028,
            "lon": 5.39986
          },
          {
            "lat": 43.29021,
            "lon": 5.39967
          },
          {
            "lat": 43.29019,
            "lon": 5.39962
          },
          {
            "lat": 43.29016,
            "lon": 5.3996
          },
          {
            "lat": 43.29015,
            "lon": 5.39953
          },
          {
            "lat": 43.28998,
            "lon": 5.39879
          },
          {
            "lat": 43.2898,
            "lon": 5.39815
          },
          {
            "lat": 43.28971,
            "lon": 5.39786
          },
          {
            "lat": 43.28955,
            "lon": 5.39726
          },
          {
            "lat": 43.28946,
            "lon": 5.39694
          },
          {
            "lat": 43.28938,
            "lon": 5.39661
          },
          {
            "lat": 43.28908,
            "lon": 5.39552
          },
          {
            "lat": 43.28897,
            "lon": 5.39509
          },
          {
            "lat": 43.2889,
            "lon": 5.39482
          },
          {
            "lat": 43.28887,
            "lon": 5.39472
          }
        ]
      }
    ]
  }
}