{
  "timestamp": "2025-01-07T23:52:09.997559",
  "current": {
    "temperature": 8.31,
    "feels_like": 8.31,
    "humidity": 88,
    "pressure": 1015,
    "wind_speed": 1.03,
    "wind_direction": 0,
    "description": "clear sky",
    "rain_1h": 0,
    "visibility": 10000
  },
  "air_quality": {
    "aqi": 2,
    "components": {
      "co": 317.1,
      "no": 0,
      "no2": 14.91,
      "o3": 60.08,
      "so2": 3.01,
      "pm2_5": 4.32,
      "pm10": 7.02,
      "nh3": 0.55
    }
  },
  "forecast_3h": [
    {
      "timestamp": "2025-01-08 00:00:00",
      "temperature": 8.31,
      "precipitation_prob": 0,
      "rain_3h": 0
    },
    {
      "timestamp": "2025-01-08 03:00:00",
      "temperature": 9.22,
      "precipitation_prob": 0,
      "rain_3h": 0
    },
    {
      "timestamp": "2025-01-08 06:00:00",
      "temperature": 9.93,
      "precipitation_prob": 0,
      "rain_3h": 0
    }
  ]
}